year,location,predEggOrder,length,breadth,volume,shapeIndex,geomMeanDiam,sphericity,surfArea
1873,Inaccessible,A,61.3,48.0,71.6,78.30,52.08,84.95,8520.11
1873,Inaccessible,A,60.5,49.8,76.1,82.31,53.14,87.83,8870.73
1873,Inaccessible,A,62.5,49.2,76.7,78.72,53.28,85.26,8919.83
1873,Inaccessible,A,63.8,47.6,73.3,74.61,52.48,82.26,8653.12
1873,Inaccessible,A,63.4,49.9,80.0,78.71,54.05,85.25,9176.49
1873,Inaccessible,A,64.6,49.5,80.3,76.63,54.09,83.74,9192.74
1873,Inaccessible,U,64.8,50.6,84.1,78.09,54.95,84.80,9485.65
1873,Inaccessible,B,68.4,53.0,97.4,77.49,57.70,84.36,10460.56
1873,Inaccessible,B,69.3,55.0,106.3,79.37,59.40,85.72,11086.36
1873,Inaccessible,B,70.9,55.7,111.5,78.56,60.37,85.14,11447.77
1873,Inaccessible,B,71.6,55.0,109.8,76.82,60.05,83.88,11330.32
1888,Tristan,B,66.7,53.3,95.9,79.79,57.41,86.02,10355.40
1919,Tristan,U,64.3,50.2,82.2,78.07,54.52,84.79,9337.46
1921,Tristan,B,69.4,55.3,107.6,79.68,59.65,85.95,11177.80
1922,Inaccessible,A,57.1,45.7,60.5,80.04,49.22,86.20,7611.36
1922,Inaccessible,A,57.3,46.7,63.4,81.50,50.00,87.25,7852.52
1922,Inaccessible,B,73.1,55.6,114.6,76.06,60.91,83.32,11655.42
1924,Tristan,A,59.5,47.2,67.1,79.30,50.96,85.68,8158.65
1924,Tristan,B,61.8,49.8,77.8,80.57,53.53,86.59,9001.70
1936,Nightingale,B,71.5,52.6,100.3,73.57,58.27,81.49,10666.00
1938,Nightingale,ODDBALL,40.3,33.2,22.5,82.38,35.42,87.88,3940.37
1938,Nightingale,ODDBALL,42.4,36.1,28.0,85.14,38.09,89.83,4557.61
1938,Nightingale,A,47.7,39.8,38.3,83.44,42.28,88.63,5614.87
1938,Nightingale,A,53.7,43.6,51.8,81.19,46.74,87.03,6861.96
1938,Nightingale,A,56.3,41.4,48.9,73.53,45.87,81.47,6609.31
1938,Nightingale,A,58.2,45.0,59.8,77.32,49.03,84.24,7551.77
1938,Nightingale,A,61.0,44.2,60.4,72.46,49.21,80.67,7607.92
1938,Nightingale,A,61.7,47.8,71.5,77.47,52.05,84.35,8509.63
1938,Nightingale,A,61.4,49.0,74.7,79.80,52.83,86.04,8767.12
1938,Nightingale,A,62.0,49.4,76.7,79.68,53.29,85.95,8920.32
1938,Nightingale,A,61.0,52.9,86.5,86.72,55.47,90.94,9667.42
1938,Nightingale,U,64.5,51.3,86.1,79.53,55.37,85.84,9631.18
1938,Nightingale,U,65.7,50.8,86.0,77.32,55.35,84.24,9623.77
1938,Nightingale,B,65.2,52.4,90.8,80.37,56.36,86.44,9979.07
1938,Tristan,B,66.4,51.9,90.7,78.16,56.34,84.85,9972.83
1938,Nightingale,B,65.2,53.7,95.3,82.36,57.29,87.87,10310.52
1938,Nightingale,B,65.9,52.8,93.1,80.12,56.85,86.26,10152.79
1938,Nightingale,B,67.2,51.9,91.8,77.23,56.57,84.18,10052.77
1938,Nightingale,B,66.2,53.5,96.1,80.82,57.44,86.76,10363.99
1938,Tristan,B,67.3,53.2,96.6,79.05,57.54,85.49,10400.21
1938,Nightingale,B,69.6,55.4,108.3,79.60,59.78,85.89,11226.28
1938,Nightingale,B,72.6,51.0,95.7,70.25,57.37,79.02,10340.33
1938,Nightingale,B,69.5,56.5,112.5,81.29,60.54,87.10,11513.42
1945,Nightingale,ODDBALL,31.0,26.5,11.0,85.48,27.92,90.07,2449.36
1945,Nightingale,ODDBALL,39.0,32.0,20.2,82.05,34.18,87.64,3670.51
1945,Nightingale,ODDBALL,40.0,36.0,26.3,90.00,37.29,93.22,4367.77
1945,Nightingale,A,50.2,38.0,36.8,75.70,41.70,83.06,5461.73
1945,Nightingale,A,58.0,45.3,60.3,78.10,49.19,84.81,7601.50
1945,Nightingale,B,71.5,53.0,101.8,74.13,58.56,81.91,10774.28
1945,Nightingale,B,70.5,54.5,106.2,77.30,59.38,84.23,11078.25
1945,Nightingale,B,72.0,53.0,102.5,73.61,58.70,81.53,10824.45
1950,Tristan,A,65.9,48.5,78.6,73.60,53.72,81.52,9065.58
1950,Tristan,A,66.9,53.0,95.3,79.22,57.28,85.62,10307.07
1950,Tristan,B,61.0,43.3,58.0,70.98,48.54,79.57,7402.08
1950,Tristan,B,65.6,53.7,95.9,81.86,57.41,87.51,10352.65
1950,Tristan,A,58.7,44.8,59.7,76.32,49.02,83.51,7549.98
1950,Tristan,A,59.0,49.5,73.3,83.90,52.48,88.95,8653.49
1950,Nightingale,ODDBALL,48.0,35.8,31.2,74.58,39.48,82.24,4895.77
1950,Nightingale,A,60.3,47.5,69.0,78.77,51.43,85.29,8310.35
1950,Nightingale,B,71.0,55.8,112.1,78.59,60.47,85.16,11485.97
1950,Nightingale,B,72.3,55.4,112.5,76.63,60.54,83.74,11514.77
1951,Nightingale,ODDBALL,37.0,29.1,15.9,78.65,31.53,85.20,3122.30
1951,Nightingale,ODDBALL,35.2,33.5,20.0,95.17,34.06,96.75,3643.94
1951,Nightingale,ODDBALL,41.0,34.0,24.0,82.93,36.19,88.27,4114.44
1951,Nightingale,ODDBALL,46.4,36.5,31.3,78.66,39.54,85.22,4911.56
1951,Nightingale,ODDBALL,46.5,39.5,36.8,84.95,41.71,89.69,5464.89
1951,Nightingale,A,57.6,46.0,61.8,79.86,49.58,86.08,7722.81
1951,Nightingale,A,57.4,46.8,63.7,81.53,50.10,87.27,7884.10
1951,Nightingale,A,60.5,47.3,68.6,78.18,51.34,84.87,8282.00
1951,Nightingale,A,62.4,45.6,65.8,73.08,50.63,81.13,8051.80
1951,Nightingale,A,61.1,48.5,72.9,79.38,52.38,85.73,8619.85
1951,Nightingale,A,59.9,50.7,78.1,84.64,53.60,89.48,9024.95
1951,Nightingale,A,61.2,49.2,75.1,80.39,52.91,86.46,8795.71
1951,Nightingale,A,66.5,42.4,60.6,63.76,49.26,74.08,7624.04
1951,Nightingale,B,69.1,54.4,103.7,78.73,58.91,85.26,10904.37
1972,Nightingale,A,58.3,48.0,68.1,82.33,51.21,87.84,8239.81
1972,Nightingale,B,68.4,51.0,90.2,74.56,56.24,82.23,9937.58
1972,Nightingale,B,68.9,54.6,104.1,79.25,59.00,85.63,10936.70
1973,Nightingale,A,58.2,44.3,57.9,76.12,48.52,83.37,7395.54
1973,Tristan,A,60.6,48.2,71.4,79.54,52.02,85.85,8502.13
1973,Tristan,A,61.4,48.8,74.1,79.48,52.68,85.80,8719.44
1973,Nightingale,A,63.5,46.6,69.9,73.39,51.66,81.36,8385.20
1973,Tristan,A,63.8,47.8,73.9,74.92,52.63,82.49,8701.63
1973,Tristan,A,64.6,47.0,72.3,72.76,52.26,80.89,8578.97
1973,Tristan,B,70.2,55.2,108.4,78.63,59.81,85.19,11236.39
1973,Nightingale,B,74.6,58.3,128.6,78.15,63.29,84.84,12585.40
1979,Gough,A,56.1,50.8,73.4,90.46,52.50,93.53,8658.51
1979,Gough,A,57.8,49.1,70.7,84.99,51.87,89.73,8450.93
1979,Gough,A,59.3,49.6,73.9,83.68,52.63,88.80,8703.45
1979,Gough,A,58.8,50.6,76.3,86.01,53.18,90.44,8884.70
1979,Gough,A,59.9,49.4,74.2,82.53,52.70,87.98,8723.65
1979,Gough,A,60.8,49.2,74.8,80.94,52.84,86.85,8772.37
1979,Gough,A,60.3,50.4,77.6,83.52,53.50,88.68,8992.50
1979,Gough,A,61.9,48.2,73.0,77.92,52.41,84.67,8628.53
1979,Gough,A,62.4,48.7,74.9,78.02,52.87,84.75,8781.85
1979,Gough,A,64.0,46.7,70.8,73.04,51.88,81.10,8456.68
1979,Gough,A,62.3,50.1,79.2,80.39,53.87,86.45,9115.69
1979,Gough,A,61.9,51.4,82.9,82.98,54.69,88.30,9396.65
1979,Gough,A,62.7,52.4,87.1,83.55,55.59,88.71,9709.64
1979,Gough,A,64.7,49.3,79.8,76.21,54.00,83.43,9159.61
1979,Gough,A,65.1,48.9,78.9,75.12,53.78,82.63,9087.27
1979,Gough,A,65.1,49.9,82.1,76.57,54.50,83.70,9331.32
1979,Gough,A,65.1,50.4,83.9,77.39,54.89,84.29,9466.86
1979,Gough,A,65.9,49.7,82.6,75.48,54.61,82.90,9368.71
1979,Gough,A,66.0,49.8,83.0,75.52,54.70,82.93,9400.31
1979,Gough,A,68.9,46.1,74.1,66.84,52.68,76.45,8717.96
1979,Gough,A,67.8,48.6,81.2,71.71,54.31,80.11,9267.94
1979,Gough,A,66.9,50.4,86.1,75.23,55.38,82.72,9635.08
1979,Gough,A,67.8,49.4,83.8,72.76,54.88,80.89,9461.82
1979,Gough,A,70.3,46.8,78.1,66.59,53.61,76.26,9028.68
1979,Gough,A,69.4,48.8,83.7,70.23,54.86,79.01,9455.62
1979,Gough,A,69.2,49.3,85.3,71.21,55.21,79.74,9576.66
1979,Gough,A,72.2,46.4,79.0,64.32,53.80,74.51,9093.60
1979,Gough,A,70.5,50.8,92.4,72.05,56.70,80.37,10099.21
1979,Gough,A,71.1,51.7,96.4,72.75,57.50,80.89,10386.06
1979,Gough,A,74.8,51.0,98.4,68.17,57.90,77.45,10532.29
1979,Gough,B,70.7,52.7,99.8,74.56,58.16,82.23,10627.23
1979,Gough,B,69.2,56.4,111.6,81.55,60.38,87.29,11453.61
1979,Gough,B,69.8,55.6,109.5,79.73,59.99,85.98,11306.37
1979,Gough,B,70.9,54.7,107.5,77.20,59.63,84.15,11170.89
1979,Gough,B,72.1,53.6,104.8,74.34,59.13,82.06,10985.37
1979,Gough,B,71.9,54.0,106.3,75.06,59.41,82.59,11089.58
1979,Gough,B,70.5,56.3,113.2,79.74,60.67,85.99,11562.36
1979,Gough,B,72.8,53.2,104.5,73.11,59.06,81.16,10959.38
1979,Gough,B,71.1,55.7,112.0,78.43,60.45,85.05,11478.90
1979,Gough,B,73.0,53.3,105.3,73.08,59.22,81.14,11016.92
1979,Gough,B,71.5,55.7,112.5,77.84,60.54,84.62,11515.39
1979,Gough,B,73.6,53.8,108.0,73.05,59.72,81.11,11205.96
1979,Gough,B,72.2,56.0,114.8,77.49,60.95,84.36,11668.88
1979,Gough,B,72.7,55.6,114.1,76.53,60.83,83.67,11626.13
1979,Gough,B,73.5,54.7,111.5,74.36,60.36,82.07,11445.46
1979,Gough,B,72.7,56.1,116.1,77.27,61.18,84.21,11757.96
1979,Gough,B,73.8,54.7,111.9,74.12,60.43,81.90,11473.21
1979,Gough,B,72.8,56.7,118.6,77.91,61.61,84.67,11926.55
1979,Gough,B,73.1,56.2,117.1,76.90,61.36,83.93,11826.72
1979,Gough,B,72.8,57.2,120.9,78.64,62.01,85.20,12078.70
1979,Gough,B,73.3,56.6,118.8,77.20,61.65,84.16,11938.73
1979,Gough,B,75.1,53.8,110.3,71.64,60.14,80.06,11363.97
1979,Gough,B,73.4,56.6,119.3,77.19,61.74,84.15,11976.98
1979,Gough,B,73.2,57.0,120.5,77.76,61.94,84.56,12052.55
1979,Gough,B,75.2,54.4,112.9,72.31,60.60,80.56,11538.54
1979,Gough,B,75.0,55.2,115.9,73.58,61.14,81.50,11745.49
1979,Gough,B,75.4,55.0,115.7,73.02,61.10,81.09,11729.91
1979,Gough,B,73.8,58.6,128.5,79.36,63.29,85.72,12585.02
1979,Gough,B,76.3,57.1,126.2,74.90,62.91,82.47,12433.80
1979,Gough,B,78.2,55.0,120.1,70.36,61.88,79.10,12029.50
1999,Nightingale,A,46.8,53.1,66.9,113.46,50.91,108.78,8142.79
1999,Nightingale,A,56.7,42.5,51.9,74.96,46.79,82.52,6876.86
1999,Nightingale,A,54.0,47.9,62.8,88.70,49.85,92.32,7807.76
1999,Nightingale,A,56.7,45.2,58.7,79.72,48.75,85.97,7465.46
1999,Nightingale,A,57.6,44.5,57.8,77.26,48.50,84.20,7388.87
1999,Nightingale,A,57.9,44.3,57.6,76.51,48.44,83.65,7370.11
1999,Nightingale,A,58.4,44.4,58.4,76.03,48.65,83.30,7434.80
1999,Nightingale,A,58.3,44.8,59.3,76.84,48.91,83.90,7515.65
1999,Nightingale,A,58.6,44.8,59.6,76.45,48.99,83.61,7541.41
1999,Nightingale,A,58.9,44.9,60.2,76.23,49.15,83.45,7589.65
1999,Nightingale,A,59.2,44.5,59.4,75.17,48.94,82.67,7525.08
1999,Nightingale,A,57.1,47.7,65.9,83.54,50.65,88.70,8058.70
1999,Nightingale,A,58.4,46.0,62.7,78.77,49.81,85.29,7794.15
1999,Nightingale,A,57.7,47.1,64.9,81.63,50.40,87.34,7979.24
1999,Nightingale,A,59.5,44.6,60.0,74.96,49.10,82.52,7573.11
1999,Nightingale,A,59.7,45.7,63.2,76.55,49.96,83.68,7840.69
1999,Nightingale,A,59.9,45.7,63.4,76.29,50.01,83.49,7858.19
1999,Nightingale,A,59.2,46.8,65.7,79.05,50.61,85.50,8048.08
1999,Nightingale,A,60.1,45.5,63.1,75.71,49.92,83.07,7829.75
1999,Nightingale,A,60.2,45.7,63.7,75.91,50.10,83.22,7884.41
1999,Nightingale,A,60.9,45.2,63.1,74.22,49.92,81.97,7829.72
1999,Nightingale,A,60.3,46.3,65.5,76.78,50.56,83.85,8031.61
1999,Nightingale,A,60.4,46.2,65.4,76.49,50.52,83.64,8017.34
1999,Nightingale,A,61.3,45.3,63.8,73.90,50.11,81.74,7887.17
1999,Nightingale,A,61.0,46.1,65.7,75.57,50.61,82.97,8047.07
1999,Nightingale,A,60.7,46.7,67.1,76.94,50.97,83.96,8160.15
1999,Nightingale,A,60.7,46.7,67.1,76.94,50.97,83.96,8160.15
1999,Nightingale,A,59.9,47.9,69.7,79.97,51.61,86.15,8366.59
1999,Nightingale,A,60.8,46.6,66.9,76.64,50.92,83.75,8145.80
1999,Nightingale,A,60.0,48.0,70.1,80.00,51.71,86.18,8399.22
1999,Nightingale,A,60.4,48.0,70.6,79.47,51.82,85.80,8436.51
1999,Nightingale,A,60.1,48.6,72.0,80.87,52.17,86.80,8548.98
1999,Nightingale,A,62.7,44.9,64.1,71.61,50.19,80.04,7912.68
1999,Nightingale,A,61.7,46.5,67.6,75.36,51.10,82.82,8202.46
1999,Nightingale,A,61.0,47.8,70.7,78.36,51.85,85.00,8445.14
1999,Nightingale,A,61.0,48.0,71.3,78.69,51.99,85.23,8492.29
1999,Nightingale,A,63.7,44.0,62.5,69.07,49.78,78.14,7783.59
1999,Nightingale,A,61.5,47.3,69.8,76.91,51.63,83.94,8373.01
1999,Nightingale,A,61.3,47.7,70.7,77.81,51.86,84.60,8449.18
1999,Nightingale,A,61.2,48.2,72.1,78.76,52.19,85.28,8558.16
1999,Nightingale,A,61.5,47.9,71.5,77.89,52.06,84.65,8514.92
1999,Nightingale,A,62.5,46.5,68.5,74.40,51.32,82.11,8273.21
1999,Nightingale,A,62.4,46.8,69.3,75.00,51.51,82.55,8335.55
1999,Nightingale,A,61.6,48.8,74.4,79.22,52.74,85.62,8738.36
1999,Nightingale,A,64.0,45.3,66.6,70.78,50.83,79.42,8117.10
1999,Nightingale,A,63.5,46.1,68.4,72.60,51.29,80.78,8265.46
1999,Nightingale,A,61.7,49.0,75.1,79.42,52.91,85.76,8795.65
1999,Nightingale,A,62.9,48.3,74.4,76.79,52.75,83.86,8740.03
1999,Nightingale,A,63.7,47.4,72.6,74.41,52.31,82.12,8595.69
1999,Nightingale,A,62.4,49.4,77.2,79.17,53.40,85.58,8958.64
1999,Nightingale,A,63.4,48.1,74.4,75.87,52.74,83.18,8737.81
1999,Nightingale,A,63.2,48.4,75.1,76.58,52.90,83.71,8792.01
1999,Nightingale,A,64.1,47.3,72.7,73.79,52.34,81.66,8607.36
1999,Nightingale,A,64.2,47.4,73.1,73.83,52.44,81.69,8640.61
1999,Nightingale,A,63.4,48.6,75.9,76.66,53.10,83.76,8859.13
1999,Nightingale,A,64.2,47.6,73.7,74.14,52.59,81.92,8689.25
1999,Nightingale,A,63.4,48.9,76.9,77.13,53.32,84.10,8932.12
1999,Nightingale,A,63.7,48.5,76.0,76.14,53.11,83.38,8862.68
1999,Nightingale,A,64.1,49.0,78.0,76.44,53.59,83.60,9022.29
1999,Nightingale,A,63.7,49.7,79.8,78.02,53.99,84.75,9156.26
1999,Nightingale,A,64.7,48.5,77.2,74.96,53.39,82.52,8955.19
1999,Nightingale,A,64.8,48.4,77.0,74.69,53.34,82.32,8939.78
1999,Nightingale,A,64.1,49.6,80.0,77.38,54.03,84.28,9169.89
1999,Nightingale,A,63.3,51.2,84.1,80.88,54.95,86.81,9486.64
1999,Nightingale,A,64.7,49.3,79.7,76.20,53.98,83.42,9152.69
1999,Nightingale,U,67.0,46.0,71.9,68.66,52.14,77.83,8541.68
1999,Nightingale,U,64.3,50.4,82.8,78.38,54.66,85.01,9387.10
1999,Nightingale,U,65.6,48.7,78.9,74.24,53.78,81.99,9087.78
1999,Nightingale,U,65.9,48.4,78.3,73.44,53.64,81.40,9040.67
1999,Nightingale,U,67.2,46.7,74.3,69.49,52.72,78.46,8732.77
1999,Nightingale,U,66.6,49.0,81.1,73.57,54.28,81.50,9255.38
1999,Nightingale,U,66.9,48.7,80.4,72.80,54.14,80.92,9207.45
1999,Nightingale,U,64.9,52.0,89.0,80.12,55.99,86.27,9847.31
1999,Nightingale,U,66.6,49.5,82.7,74.32,54.65,82.05,9381.51
1999,Nightingale,U,65.6,51.0,86.5,77.74,55.46,84.55,9664.50
1999,Nightingale,U,66.6,49.8,83.7,74.77,54.87,82.38,9457.40
1999,Nightingale,U,64.9,52.4,90.3,80.74,56.27,86.71,9948.43
1999,Nightingale,B,66.2,51.0,87.3,77.04,55.63,84.04,9723.34
1999,Nightingale,B,67.1,49.8,84.4,74.22,55.00,81.97,9504.68
1999,Nightingale,B,66.1,51.4,88.5,77.76,55.90,84.56,9815.26
1999,Nightingale,B,65.2,53.0,92.9,81.29,56.79,87.10,10131.71
1999,Nightingale,B,67.3,50.0,85.3,74.29,55.21,82.03,9574.58
1999,Nightingale,B,66.0,52.0,90.5,78.79,56.30,85.30,9958.26
1999,Nightingale,B,66.9,50.9,87.9,76.08,55.76,83.34,9766.17
1999,Nightingale,B,66.3,51.8,90.2,78.13,56.24,84.83,9937.23
1999,Nightingale,B,67.6,50.1,86.0,74.11,55.36,81.90,9628.63
1999,Nightingale,B,65.8,53.1,94.1,80.70,57.03,86.68,10219.43
1999,Nightingale,B,68.2,50.0,86.4,73.31,55.45,81.31,9659.76
1999,Nightingale,B,66.2,53.0,94.3,80.06,57.08,86.22,10235.04
1999,Nightingale,B,65.9,53.6,96.0,81.34,57.42,87.13,10358.41
1999,Nightingale,B,65.7,54.0,97.1,82.19,57.65,87.74,10440.43
1999,Nightingale,B,66.7,52.7,93.9,79.01,57.01,85.47,10208.95
1999,Nightingale,B,68.6,49.9,86.6,72.74,55.48,80.88,9671.64
1999,Nightingale,B,66.4,53.2,95.3,80.12,57.28,86.26,10307.28
1999,Nightingale,B,66.2,53.5,96.1,80.82,57.44,86.76,10363.99
1999,Nightingale,B,69.3,49.0,84.4,70.71,55.00,79.37,9503.86
1999,Nightingale,B,68.4,50.5,88.4,73.83,55.87,81.69,9807.89
1999,Nightingale,B,67.4,52.0,92.4,77.15,56.70,84.12,10098.59
1999,Nightingale,B,67.6,51.8,92.0,76.63,56.61,83.74,10066.71
1999,Nightingale,B,66.7,53.3,96.1,79.91,57.44,86.11,10364.22
1999,Nightingale,B,68.3,51.3,91.1,75.11,56.44,82.63,10005.84
1999,Nightingale,B,68.0,51.8,92.5,76.18,56.72,83.41,10106.38
1999,Nightingale,B,67.6,52.6,94.8,77.81,57.19,84.60,10274.53
1999,Nightingale,B,66.8,53.8,98.0,80.54,57.82,86.56,10504.54
1999,Nightingale,B,66.2,54.9,101.2,82.93,58.43,88.27,10727.17
1999,Nightingale,B,67.4,53.2,96.7,78.93,57.57,85.41,10410.51
1999,Nightingale,B,67.1,53.7,98.1,80.03,57.84,86.20,10509.87
1999,Nightingale,B,67.1,53.8,98.5,80.18,57.91,86.31,10535.97
1999,Nightingale,B,66.3,55.1,102.1,83.11,58.61,88.39,10790.16
1999,Nightingale,B,66.4,55.0,101.8,82.83,58.56,88.20,10774.87
1999,Nightingale,B,69.4,50.6,90.1,72.91,56.22,81.01,9929.41
1999,Nightingale,B,67.5,53.6,98.3,79.41,57.88,85.75,10525.40
1999,Nightingale,B,68.5,52.3,95.0,76.35,57.22,83.54,10286.77
1999,Nightingale,B,68.1,52.9,96.6,77.68,57.55,84.50,10403.72
1999,Nightingale,B,67.5,54.0,99.8,80.00,58.17,86.18,10630.26
1999,Nightingale,B,67.1,54.6,101.4,81.37,58.48,87.16,10745.38
1999,Nightingale,B,67.6,53.9,99.6,79.73,58.13,85.99,10614.50
1999,Nightingale,B,68.3,53.0,97.3,77.60,57.68,84.44,10450.37
1999,Nightingale,B,67.7,54.1,100.5,79.91,58.30,86.11,10677.56
1999,Nightingale,B,67.7,54.2,100.8,80.06,58.37,86.22,10703.88
1999,Nightingale,B,68.8,52.8,97.2,76.74,57.67,83.82,10448.50
1999,Nightingale,B,71.2,49.4,88.1,69.38,55.80,78.37,9782.26
1999,Nightingale,B,68.4,53.6,99.6,78.36,58.14,85.00,10618.76
1999,Nightingale,B,69.3,52.4,96.5,75.61,57.52,83.00,10393.15
1999,Nightingale,B,69.3,52.4,96.5,75.61,57.52,83.00,10393.15
1999,Nightingale,B,68.8,53.2,98.7,77.33,57.96,84.25,10554.18
1999,Nightingale,B,69.1,52.8,97.7,76.41,57.75,83.58,10478.85
1999,Nightingale,B,67.9,54.6,102.6,80.41,58.72,86.47,10830.62
1999,Nightingale,B,69.9,51.8,95.1,74.11,57.24,81.89,10293.77
1999,Nightingale,B,70.7,50.7,92.1,71.71,56.64,80.12,10079.53
1999,Nightingale,B,68.5,54.0,101.3,78.83,58.46,85.34,10735.00
1999,Nightingale,B,69.2,53.0,98.6,76.59,57.93,83.71,10541.97
1999,Nightingale,B,70.5,51.1,93.3,72.48,56.89,80.69,10166.48
1999,Nightingale,B,67.9,55.0,104.1,81.00,59.00,86.90,10936.54
1999,Nightingale,B,69.0,53.5,100.1,77.54,58.24,84.40,10654.20
1999,Nightingale,B,69.7,52.6,97.8,75.47,57.77,82.89,10486.23
1999,Nightingale,B,69.1,53.7,101.0,77.71,58.41,84.53,10717.68
1999,Nightingale,B,69.2,53.6,100.8,77.46,58.36,84.34,10701.39
1999,Nightingale,B,69.3,53.5,100.6,77.20,58.32,84.16,10685.06
1999,Nightingale,B,69.9,52.7,98.4,75.39,57.90,82.84,10532.92
1999,Nightingale,B,69.5,53.3,100.1,76.69,58.23,83.78,10652.28
1999,Nightingale,B,70.6,52.4,98.3,74.22,57.87,81.98,10522.72
1999,Nightingale,B,70.3,53.0,100.1,75.39,58.23,82.83,10653.39
1999,Nightingale,B,70.1,53.5,101.7,76.32,58.54,83.51,10767.14
1999,Nightingale,B,70.3,53.3,101.3,75.82,58.45,83.15,10733.87
1999,Nightingale,B,69.6,54.4,104.4,78.16,59.06,84.85,10956.91
1999,Nightingale,B,70.1,53.8,102.9,76.75,58.76,83.83,10847.71
1999,Nightingale,B,69.8,54.4,104.7,77.94,59.11,84.69,10977.89
1999,Nightingale,B,69.4,55.0,106.4,79.25,59.43,85.64,11097.02
1999,Nightingale,B,70.0,54.2,104.3,77.43,59.02,84.32,10944.96
1999,Nightingale,B,69.7,54.7,105.7,78.48,59.30,85.08,11048.11
1999,Nightingale,B,70.1,54.4,105.2,77.60,59.20,84.45,11009.32
1999,Nightingale,B,70.6,53.8,103.6,76.20,58.90,83.43,10899.24
1999,Nightingale,B,69.9,54.9,106.8,78.54,59.50,85.13,11123.24
1999,Nightingale,B,71.7,52.3,99.4,72.94,58.10,81.03,10604.70
1999,Nightingale,B,69.7,55.3,108.1,79.34,59.73,85.70,11209.99
1999,Nightingale,B,71.4,52.8,100.9,73.95,58.39,81.78,10710.11
1999,Nightingale,B,70.9,53.6,103.3,75.60,58.84,82.99,10875.95
1999,Nightingale,B,70.3,54.6,106.3,77.67,59.40,84.49,11084.35
1999,Nightingale,B,70.2,55.1,108.1,78.49,59.73,85.09,11209.25
1999,Nightingale,B,70.1,55.6,109.9,79.32,60.07,85.68,11334.31
1999,Nightingale,B,71.7,53.3,103.3,74.34,58.84,82.06,10875.91
1999,Nightingale,B,71.8,53.4,103.8,74.37,58.94,82.09,10913.26
1999,Nightingale,B,71.9,53.3,103.6,74.13,58.89,81.91,10896.13
1999,Nightingale,B,70.4,55.6,110.3,78.98,60.15,85.44,11366.62
1999,Nightingale,B,71.4,54.3,106.7,76.05,59.49,83.32,11117.70
1999,Nightingale,B,72.5,52.7,102.1,72.69,58.61,80.84,10792.52
1999,Nightingale,B,71.0,55.0,108.9,77.46,59.89,84.35,11266.93
1999,Nightingale,B,72.6,53.0,103.4,73.00,58.86,81.08,10884.51
1999,Nightingale,B,71.9,54.1,106.7,75.24,59.48,82.73,11114.73
1999,Nightingale,B,73.0,54.2,108.7,74.25,59.86,81.99,11255.48
1999,Nightingale,B,72.4,55.1,111.4,76.10,60.35,83.36,11442.24
1999,Nightingale,B,72.9,55.5,113.8,76.13,60.78,83.38,11606.26
1999,Nightingale,B,73.5,56.9,120.6,77.41,61.97,84.31,12063.99
1999,Nightingale,B,72.5,58.6,126.2,80.83,62.91,86.77,12432.89
2013,Gough,A,56.3,46.9,62.8,83.30,49.84,88.53,7805.23
2013,Gough,A,57.6,47.3,65.3,82.12,50.51,87.69,8015.18
2013,Gough,A,58.8,46.7,65.0,79.42,50.43,85.76,7988.97
2013,Gough,A,58.3,48.3,69.0,82.85,51.43,88.21,8308.55
2013,Gough,A,58.6,47.9,68.2,81.74,51.23,87.42,8245.09
2013,Gough,A,60.4,45.6,63.7,75.50,50.08,82.91,7878.82
2013,Gough,A,59.8,46.5,65.6,77.76,50.57,84.56,8033.19
2013,Gough,A,58.9,48.2,69.4,81.83,51.53,87.49,8342.37
2013,Gough,A,59.9,47.0,67.1,78.46,50.96,85.07,8157.65
2013,Gough,A,61.2,45.1,63.1,73.69,49.93,81.59,7832.24
2013,Gough,A,59.4,47.8,68.8,80.47,51.39,86.52,8296.81
2013,Gough,A,60.0,47.2,67.8,78.67,51.13,85.22,8213.09
2013,Gough,A,60.4,47.1,67.9,77.98,51.17,84.72,8226.26
2013,Gough,A,62.1,44.6,62.6,71.82,49.80,80.20,7792.15
2013,Gough,A,60.5,47.1,68.0,77.85,51.20,84.63,8235.34
2013,Gough,A,60.0,47.9,69.8,79.83,51.63,86.06,8375.90
2013,Gough,A,61.1,46.6,67.3,76.27,51.00,83.48,8172.57
2013,Gough,A,60.7,47.3,68.9,77.92,51.40,84.68,8300.24
2013,Gough,A,60.6,47.6,69.6,78.55,51.59,85.13,8361.31
2013,Gough,A,61.6,46.4,67.2,75.32,51.00,82.79,8170.11
2013,Gough,A,60.2,48.5,71.8,80.56,52.12,86.58,8534.99
2013,Gough,A,63.6,43.8,61.9,68.87,49.60,77.99,7728.35
2013,Gough,A,61.3,47.5,70.1,77.49,51.71,84.36,8401.98
2013,Gough,A,60.5,48.9,73.3,80.83,52.50,86.77,8657.62
2013,Gough,A,60.5,48.9,73.3,80.83,52.50,86.77,8657.62
2013,Gough,A,61.0,48.5,72.7,79.51,52.35,85.82,8610.44
2013,Gough,A,61.7,48.0,72.1,77.80,52.19,84.59,8557.13
2013,Gough,A,62.5,47.0,70.0,75.20,51.68,82.69,8392.03
2013,Gough,A,61.1,49.1,74.7,80.36,52.81,86.44,8762.32
2013,Gough,A,61.6,49.0,75.0,79.55,52.88,85.85,8786.15
2013,Gough,A,64.1,45.6,67.6,71.14,51.08,79.69,8197.38
2013,Gough,A,62.4,48.2,73.5,77.24,52.53,84.19,8669.67
2013,Gough,A,62.2,48.5,74.2,77.97,52.69,84.72,8723.00
2013,Gough,A,61.2,50.0,77.6,81.70,53.48,87.39,8986.92
2013,Gough,A,62.5,48.1,73.3,76.96,52.49,83.98,8654.93
2013,Gough,A,62.7,48.1,73.5,76.71,52.54,83.80,8673.38
2013,Gough,A,62.0,49.2,76.1,79.35,53.14,85.71,8872.20
2013,Gough,A,62.3,49.1,76.1,78.81,53.16,85.32,8876.68
2013,Gough,A,61.7,50.2,78.8,81.36,53.77,87.15,9084.02
2013,Gough,A,62.2,49.5,77.3,79.58,53.42,85.88,8963.63
2013,Gough,A,63.4,47.8,73.4,75.39,52.52,82.84,8665.23
2013,Gough,A,61.6,50.5,79.6,81.98,53.96,87.59,9146.58
2013,Gough,A,62.7,48.9,76.0,77.99,53.12,84.73,8866.25
2013,Gough,A,63.4,48.0,74.1,75.71,52.67,83.07,8713.60
2013,Gough,A,63.0,48.6,75.4,77.14,52.99,84.11,8821.83
2013,Gough,A,61.8,50.4,79.6,81.55,53.94,87.29,9142.18
2013,Gough,A,61.9,50.8,81.0,82.07,54.26,87.66,9249.01
2013,Gough,A,63.9,47.9,74.3,74.96,52.73,82.52,8735.03
2013,Gough,A,62.9,49.4,77.8,78.54,53.54,85.12,9006.43
2013,Gough,A,62.5,50.3,80.2,80.48,54.08,86.52,9186.72
2013,Gough,A,63.0,49.8,79.2,79.05,53.86,85.49,9113.45
2013,Gough,A,64.4,47.8,74.6,74.22,52.79,81.98,8756.11
2013,Gough,A,63.4,49.5,78.8,78.08,53.76,84.79,9078.55
2013,Gough,A,64.0,48.9,77.6,76.41,53.49,83.58,8988.39
2013,Gough,A,63.7,49.4,78.8,77.55,53.77,84.41,9082.64
2013,Gough,A,64.2,48.7,77.2,75.86,53.40,83.18,8958.02
2013,Gough,A,63.2,50.2,80.7,79.43,54.21,85.77,9230.66
2013,Gough,A,64.6,48.2,76.1,74.61,53.14,82.26,8872.26
2013,Gough,A,63.6,49.7,79.6,78.14,53.96,84.84,9146.67
2013,Gough,A,63.5,50.0,80.5,78.74,54.15,85.27,9210.69
2013,Gough,A,64.1,49.7,80.3,77.54,54.10,84.40,9194.55
2013,Gough,A,64.8,49.0,78.9,75.62,53.78,83.00,9087.85
2013,Gough,A,65.1,48.8,78.6,74.96,53.72,82.52,9066.30
2013,Gough,A,64.8,50.0,82.1,77.16,54.51,84.13,9335.98
2013,Gough,A,65.8,49.1,80.4,74.62,54.13,82.27,9206.10
2013,Gough,A,64.8,50.6,84.1,78.09,54.95,84.80,9485.65
2013,Gough,A,67.5,47.2,76.2,69.93,53.18,78.78,8884.00
2013,Gough,A,66.2,49.3,81.6,74.47,54.39,82.16,9293.61
2013,Gough,A,65.0,51.2,86.4,78.77,55.44,85.29,9655.74
2013,Gough,A,65.0,51.6,87.7,79.38,55.73,85.73,9756.45
2013,Gough,A,65.4,51.1,86.6,78.13,55.48,84.83,9670.07
2013,Gough,A,67.5,48.6,80.8,72.00,54.22,80.33,9237.07
2013,Gough,A,65.5,51.6,88.4,78.78,55.87,85.30,9806.42
2013,Gough,A,66.7,50.0,84.5,74.96,55.04,82.52,9517.59
2013,Gough,A,65.9,51.5,88.6,78.15,55.91,84.84,9820.87
2013,Gough,A,69.8,47.0,78.2,67.34,53.62,76.82,9033.39
2013,Gough,A,67.6,50.9,88.8,75.30,55.95,82.77,9834.18
2013,Gough,A,67.3,52.5,94.0,78.01,57.03,84.74,10218.15
2013,Gough,A,69.9,49.0,85.1,70.10,55.16,78.91,9558.64
2013,Gough,A,67.0,53.9,98.7,80.45,57.95,86.50,10551.59
2013,Gough,A,69.7,52.2,96.3,74.89,57.48,82.47,10380.04
2013,Gough,A,70.6,51.0,93.1,72.24,56.84,80.51,10149.55
2013,Gough,A,67.0,56.5,108.4,84.33,59.80,89.26,11235.64
2013,Gough,A,69.9,53.1,99.9,75.97,58.20,83.26,10639.65
2013,Gough,A,68.7,54.9,105.0,79.91,59.16,86.11,10995.56
2013,Gough,A,70.8,52.4,98.6,74.01,57.93,81.82,10542.58
2013,Gough,A,71.6,51.4,95.9,71.79,57.40,80.17,10352.44
2013,Gough,A,69.8,54.1,103.6,77.51,58.90,84.38,10897.24
2013,Gough,A,70.6,54.3,105.5,76.91,59.27,83.95,11034.50
2013,Gough,A,70.1,55.9,111.1,79.74,60.28,85.99,11415.92
2013,Gough,A,70.7,56.4,114.0,79.77,60.81,86.01,11618.10
2013,Gough,A,72.1,54.9,110.2,76.14,60.12,83.39,11355.42
2013,Gough,A,71.6,55.8,113.0,77.93,60.64,84.69,11550.59
2013,Gough,A,72.6,54.7,110.1,75.34,60.11,82.80,11352.48
2013,Gough,A,71.7,56.5,116.0,78.80,61.17,85.31,11755.12
2013,Gough,A,71.2,58.3,122.7,81.88,62.32,87.52,12200.04
2013,Gough,A,73.6,55.5,114.9,75.41,60.98,82.85,11680.44
2013,Gough,A,72.2,58.8,126.6,81.44,62.96,87.21,12455.02
2013,Gough,A,73.8,57.5,123.7,77.91,62.49,84.67,12267.18
2013,Gough,A,73.2,58.8,128.3,80.33,63.25,86.41,12569.76
2013,Gough,B,65.4,51.4,87.6,78.59,55.70,85.16,9745.84
2013,Gough,B,65.5,53.1,93.6,81.07,56.95,86.94,10188.34
2013,Gough,B,66.1,52.5,92.4,79.43,56.69,85.76,10096.32
2013,Gough,B,66.3,52.6,93.0,79.34,56.82,85.70,10142.38
2013,Gough,B,66.4,52.9,94.2,79.67,57.06,85.94,10229.86
2013,Gough,B,66.8,52.6,93.7,78.74,56.96,85.27,10193.31
2013,Gough,B,66.4,54.5,100.0,82.08,58.21,87.66,10644.47
2013,Gough,B,68.6,51.6,92.6,75.22,56.74,82.71,10113.44
2013,Gough,B,69.0,51.7,93.5,74.93,56.92,82.50,10178.96
2013,Gough,B,68.0,53.5,98.7,78.68,57.95,85.22,10551.01
2013,Gough,B,68.4,53.0,97.4,77.49,57.70,84.36,10460.56
2013,Gough,B,67.0,55.3,103.9,82.54,58.95,87.99,10918.59
2013,Gough,B,66.4,56.4,107.1,84.94,59.55,89.69,11142.11
2013,Gough,B,69.2,52.4,96.3,75.72,57.49,83.08,10383.15
2013,Gough,B,69.0,53.1,98.6,76.96,57.94,83.98,10548.13
2013,Gough,B,68.4,54.4,102.6,79.53,58.72,85.84,10830.60
2013,Gough,B,68.4,54.5,103.0,79.68,58.79,85.95,10857.15
2013,Gough,B,69.9,52.6,98.1,75.25,57.83,82.73,10506.28
2013,Gough,B,68.6,54.6,103.7,79.59,58.92,85.88,10904.93
2013,Gough,B,69.1,54.0,102.2,78.15,58.63,84.84,10797.59
2013,Gough,B,68.8,54.6,104.0,79.36,58.97,85.72,10926.11
2013,Gough,B,69.2,54.1,102.7,78.18,58.73,84.86,10834.70
2013,Gough,B,69.9,53.9,103.0,77.11,58.78,84.09,10853.91
2013,Gough,B,68.8,55.6,107.8,80.81,59.69,86.76,11193.74
2013,Gough,B,69.6,54.6,105.2,78.45,59.20,85.06,11010.65
2013,Gough,B,69.9,54.5,105.3,77.97,59.21,84.71,11015.31
2013,Gough,B,69.6,55.2,107.5,79.31,59.63,85.68,11172.27
2013,Gough,B,69.8,55.0,107.1,78.80,59.55,85.31,11139.62
2013,Gough,B,70.3,54.4,105.5,77.38,59.25,84.29,11030.25
2013,Gough,B,71.2,53.4,102.9,75.00,58.77,82.55,10852.38
2013,Gough,B,70.2,54.9,107.3,78.21,59.59,84.88,11155.04
2013,Gough,B,70.0,55.2,108.1,78.86,59.75,85.35,11215.04
2013,Gough,B,70.1,55.2,108.3,78.74,59.78,85.27,11225.71
2013,Gough,B,69.1,56.8,113.0,82.20,60.64,87.75,11550.47
2013,Gough,B,70.4,55.1,108.4,78.27,59.79,84.93,11230.53
2013,Gough,B,70.2,55.5,109.6,79.06,60.02,85.50,11317.88
2013,Gough,B,70.0,55.9,110.9,79.86,60.25,86.07,11405.06
2013,Gough,B,71.1,54.3,106.3,76.37,59.41,83.55,11086.54
2013,Gough,B,70.1,55.8,110.7,79.60,60.21,85.89,11388.70
2013,Gough,B,70.1,55.9,111.1,79.74,60.28,85.99,11415.92
2013,Gough,B,71.1,54.9,108.6,77.22,59.84,84.17,11250.18
2013,Gough,B,70.2,56.4,113.2,80.34,60.67,86.42,11563.25
2013,Gough,B,72.1,53.9,106.2,74.76,59.39,82.37,11080.48
2013,Gough,B,71.5,55.4,111.3,77.48,60.32,84.36,11429.67
2013,Gough,B,71.2,56.1,113.6,78.79,60.74,85.31,11590.10
2013,Gough,B,71.0,56.7,115.7,79.86,61.11,86.08,11733.64
2013,Gough,B,72.7,54.2,108.3,74.55,59.77,82.22,11224.63
2013,Gough,B,71.5,56.0,113.7,78.32,60.75,84.97,11595.01
2013,Gough,B,71.0,56.8,116.1,80.00,61.19,86.18,11761.24
2013,Gough,B,72.3,54.9,110.5,75.93,60.18,83.23,11376.41
2013,Gough,B,72.2,55.6,113.2,77.01,60.66,84.02,11559.55
2013,Gough,B,72.6,55.1,111.8,75.90,60.41,83.20,11463.30
2013,Gough,B,73.6,53.8,108.0,73.10,59.72,81.15,11205.85
2013,Gough,B,71.5,57.1,118.2,79.86,61.54,86.08,11899.68
2013,Gough,B,70.9,58.0,120.9,81.81,62.02,87.47,12082.35
2013,Gough,B,72.0,56.5,116.5,78.47,61.26,85.08,11787.89
2013,Gough,B,71.6,57.2,118.8,79.89,61.65,86.10,11938.60
2013,Gough,B,72.2,56.4,116.4,78.12,61.24,84.82,11781.85
2013,Gough,B,72.0,56.9,118.2,79.03,61.54,85.48,11899.29
2013,Gough,B,72.9,55.8,115.1,76.54,61.00,83.68,11689.98
2013,Gough,B,74.4,53.9,109.6,72.45,60.01,80.66,11314.89
2013,Gough,B,73.4,56.1,117.1,76.43,61.36,83.59,11827.63
2013,Gough,B,73.4,56.4,118.4,76.84,61.58,83.89,11912.04
2013,Gough,B,74.3,55.2,114.8,74.29,60.95,82.03,11669.74
2013,Gough,B,73.9,56.4,119.2,76.32,61.72,83.51,11966.07
2013,Gough,B,74.2,56.1,118.4,75.61,61.58,82.99,11913.42
2013,Gough,B,74.6,56.4,120.3,75.60,61.91,82.99,12041.52
2013,Gough,B,75.8,57.1,125.3,75.33,62.75,82.79,12372.12
2013,Gough,B,76.3,56.8,124.8,74.44,62.67,82.14,12339.49
2013,Gough,B,71.6,65.0,153.4,90.78,67.13,93.76,14157.17
2014,Alex,A,50.5,44.7,51.2,88.51,46.56,92.19,6809.07
2014,Nightingale,A,54.2,40.5,45.1,74.72,44.63,82.34,6257.82
2014,Nightingale,A,57.0,42.4,52.0,74.39,46.80,82.10,6879.46
2014,Nightingale,A,56.5,43.8,55.0,77.52,47.68,84.39,7141.91
2014,Nightingale,A,55.5,45.6,58.5,82.16,48.69,87.72,7446.72
2014,Tristan,A,56.4,44.3,56.1,78.55,48.01,85.13,7242.26
2014,Tristan,A,57.5,43.0,53.9,74.78,47.37,82.39,7050.50
2014,Tristan,A,56.4,45.5,59.2,80.67,48.88,86.66,7505.01
2014,Nightingale,A,58.8,42.8,54.5,72.70,47.54,80.85,7100.95
2014,Alex,A,57.2,45.4,59.8,79.37,49.03,85.72,7553.62
2014,Tristan,A,57.4,45.6,60.5,79.44,49.24,85.78,7615.72
2014,Alex,A,58.8,43.7,56.9,74.38,48.23,82.09,7307.97
2014,Tristan,A,58.9,43.6,56.8,74.02,48.20,81.83,7298.08
2014,Tristan,A,58.0,45.0,59.5,77.59,48.97,84.44,7534.46
2014,Alex,A,58.4,44.7,59.2,76.54,48.87,83.68,7501.85
2014,Alex,A,58.5,45.0,59.9,76.84,49.08,83.89,7566.47
2014,Gough,A,58.3,45.3,60.7,77.70,49.27,84.52,7627.69
2014,Alex,A,58.7,44.8,59.7,76.39,49.01,83.56,7545.69
2014,Nightingale,A,58.2,45.6,61.2,78.33,49.41,84.98,7670.69
2014,Nightingale,A,57.9,46.0,62.1,79.52,49.65,85.83,7745.14
2014,Nightingale,A,59.3,44.2,58.7,74.60,48.74,82.25,7461.71
2014,Nightingale,A,57.3,47.2,64.7,82.45,50.34,87.92,7960.18
2014,Gough,A,57.4,47.0,64.3,81.88,50.24,87.52,7929.06
2014,Nightingale,A,58.8,45.0,60.4,76.53,49.20,83.67,7603.58
2014,Nightingale,A,58.8,45.1,60.5,76.62,49.23,83.73,7614.85
2014,Tristan,A,58.5,45.6,61.7,77.95,49.55,84.70,7712.71
2014,Alex,A,58.5,45.7,61.8,78.03,49.58,84.76,7723.99
2014,Nightingale,A,58.6,45.6,61.8,77.82,49.58,84.60,7721.50
2014,Nightingale,A,57.6,47.2,65.1,81.94,50.44,87.57,7992.59
2014,Nightingale,A,58.8,45.5,61.6,77.30,49.52,84.22,7705.13
2014,Tristan,A,59.8,44.0,58.7,73.58,48.74,81.50,7462.56
2014,Alex,A,59.0,45.5,61.9,77.12,49.62,84.10,7733.92
2014,Alex,A,57.7,47.9,67.1,83.02,50.97,88.33,8160.46
2014,Alex,A,61.3,42.8,56.9,69.82,48.24,78.70,7312.21
2014,Nightingale,A,59.1,46.3,64.2,78.34,50.22,84.98,7924.70
2014,Tristan,A,59.0,46.5,64.7,78.81,50.34,85.32,7961.38
2014,Tristan,A,60.7,44.0,59.6,72.49,48.98,80.69,7537.24
2014,Nightingale,A,58.6,47.2,66.0,80.46,50.69,86.51,8073.41
2014,Nightingale,A,59.6,45.9,63.6,77.08,50.06,84.07,7873.26
2014,Tristan,A,59.6,46.0,63.9,77.18,50.15,84.14,7900.56
2014,Nightingale,A,59.6,46.1,64.1,77.27,50.18,84.20,7912.01
2014,Alex,A,62.1,42.5,56.9,68.44,48.23,77.66,7306.84
2014,Tristan,A,60.2,45.4,62.9,75.42,49.88,82.85,7815.47
2014,Nightingale,A,59.3,46.8,65.8,78.92,50.64,85.40,8057.14
2014,Nightingale,A,59.7,46.3,64.7,77.47,50.36,84.35,7966.76
2014,Tristan,A,58.8,47.7,67.8,81.12,51.15,86.98,8217.87
2014,Nightingale,A,59.3,47.0,66.4,79.26,50.79,85.64,8103.08
2014,Tristan,A,59.5,46.8,66.1,78.66,50.70,85.21,8075.24
2014,Gough,A,59.1,47.4,67.3,80.20,51.02,86.32,8176.72
2014,Tristan,A,59.3,47.2,67.0,79.60,50.93,85.89,8149.09
2014,Alex,A,59.0,47.8,68.3,81.02,51.27,86.91,8259.53
2014,Tristan,A,58.7,48.3,69.4,82.28,51.54,87.81,8346.51
2014,Tristan,A,58.6,48.5,69.9,82.76,51.66,88.15,8383.09
2014,Nightingale,A,59.9,46.7,66.1,77.88,50.70,84.65,8076.75
2014,Nightingale,A,60.1,46.5,65.9,77.37,50.65,84.28,8060.03
2014,Gough,A,60.3,46.5,66.1,77.11,50.71,84.09,8077.90
2014,Tristan,A,59.7,47.5,68.3,79.56,51.26,85.86,8255.14
2014,Tristan,A,60.5,46.5,66.3,76.86,50.76,83.91,8095.76
2014,Tristan,A,60.5,46.5,66.3,76.86,50.76,83.91,8095.76
2014,Nightingale,A,60.0,47.3,68.1,78.83,51.20,85.34,8236.30
2014,Nightingale,A,60.8,46.3,66.1,76.15,50.70,83.39,8075.95
2014,Alex,A,61.3,45.7,64.9,74.55,50.40,82.22,7980.16
2014,Nightingale,A,60.3,47.3,68.3,78.36,51.25,84.99,8252.09
2014,Gough,A,59.2,48.9,71.8,82.60,52.12,88.04,8533.15
2014,Nightingale,A,61.1,46.2,66.1,75.68,50.70,83.04,8074.76
2014,Gough,A,60.9,46.6,67.0,76.52,50.95,83.66,8154.72
2014,Nightingale,A,60.1,47.9,69.9,79.77,51.65,86.01,8380.55
2014,Nightingale,A,60.4,47.5,68.9,78.56,51.42,85.14,8307.87
2014,Alex,A,61.2,46.4,66.8,75.82,50.89,83.15,8134.70
2014,Gough,A,62.3,44.8,63.4,71.91,50.01,80.27,7855.60
2014,Tristan,A,61.9,45.4,64.7,73.34,50.34,81.33,7961.93
2014,Tristan,A,61.8,45.8,65.7,74.11,50.61,81.89,8046.92
2014,Tristan,A,60.0,48.6,71.9,81.00,52.14,86.89,8539.50
2014,Nightingale,A,60.5,47.9,70.4,79.17,51.78,85.58,8422.37
2014,Alex,A,61.0,47.2,68.9,77.38,51.41,84.28,8304.10
2014,Tristan,A,60.0,48.7,72.1,81.17,52.21,87.01,8562.94
2014,Tristan,A,60.7,47.8,70.3,78.75,51.76,85.28,8417.43
2014,Nightingale,A,60.5,48.1,71.0,79.50,51.92,85.82,8469.29
2014,Tristan,A,65.9,40.2,54.0,61.00,47.40,71.93,7058.43
2014,Nightingale,A,60.4,48.5,72.0,80.30,52.18,86.39,8553.89
2014,Nightingale,A,61.8,46.7,68.2,75.49,51.23,82.90,8246.65
2014,Alex,A,61.5,47.3,69.8,76.91,51.63,83.94,8373.01
2014,Tristan,A,60.7,48.5,72.4,79.90,52.27,86.11,8582.19
2014,Tristan,A,61.8,47.0,69.2,76.05,51.49,83.32,8329.25
2014,Nightingale,A,61.2,48.0,71.5,78.43,52.05,85.05,8510.84
2014,Gough,A,61.1,48.2,72.0,78.89,52.16,85.38,8548.83
2014,Nightingale,A,62.2,46.6,68.5,74.92,51.31,82.49,8270.37
2014,Nightingale,A,62.5,46.2,67.6,73.92,51.10,81.75,8202.11
2014,Nightingale,A,62.5,46.2,67.6,73.92,51.10,81.75,8202.11
2014,Nightingale,A,62.5,46.3,67.9,74.08,51.17,81.87,8225.79
2014,Gough,A,61.9,47.2,69.9,76.25,51.66,83.46,8385.58
2014,Nightingale,A,60.8,48.9,73.7,80.43,52.58,86.48,8686.22
2014,Nightingale,A,61.7,47.6,70.9,77.15,51.90,84.12,8462.19
2014,Tristan,A,60.9,48.9,73.8,80.30,52.61,86.39,8695.74
2014,Tristan,A,64.3,43.9,62.8,68.27,49.86,77.54,7808.66
2014,Gough,A,63.3,45.4,66.1,71.72,50.72,80.13,8081.53
2014,Nightingale,A,63.4,45.3,66.0,71.45,50.67,79.92,8066.29
2014,Nightingale,A,61.1,48.8,73.7,79.93,52.58,86.13,8686.27
2014,Nightingale,A,61.0,49.2,74.9,80.66,52.86,86.65,8776.54
2014,Nightingale,A,63.0,46.3,68.3,73.41,51.27,81.38,8257.70
2014,Alex,A,61.3,48.9,74.2,79.69,52.69,85.95,8721.87
2014,Nightingale,A,63.7,45.3,66.3,71.11,50.75,79.67,8091.71
2014,Tristan,A,62.5,47.2,70.6,75.52,51.83,82.93,8439.68
2014,Nightingale,A,63.2,46.2,68.4,73.10,51.29,81.15,8263.24
2014,Gough,A,62.7,47.1,70.5,75.12,51.81,82.64,8433.79
2014,Alex,A,61.0,49.7,76.4,81.48,53.21,87.23,8895.66
2014,Nightingale,A,62.0,48.3,73.3,77.90,52.49,84.66,8656.46
2014,Nightingale,A,64.3,45.0,65.9,69.91,50.65,78.77,8058.67
2014,Nightingale,A,63.0,46.9,70.3,74.44,51.75,82.14,8412.80
2014,Tristan,A,62.4,47.8,72.3,76.60,52.24,83.72,8573.87
2014,Alex,A,62.4,47.9,72.4,76.68,52.28,83.78,8585.83
2014,Nightingale,A,64.0,45.5,67.2,71.09,50.98,79.66,8164.92
2014,Nightingale,A,61.8,48.8,74.6,78.96,52.80,85.43,8757.27
2014,Gough,A,62.0,48.7,74.6,78.55,52.78,85.13,8752.18
2014,Nightingale,A,62.6,47.9,72.8,76.52,52.37,83.66,8616.15
2014,Tristan,A,64.1,45.7,67.9,71.29,51.16,79.81,8221.36
2014,Gough,A,63.5,46.6,69.9,73.39,51.66,81.36,8385.20
2014,Tristan,A,62.1,48.7,74.7,78.42,52.81,85.04,8761.59
2014,Gough,A,62.2,48.7,74.8,78.30,52.84,84.95,8770.99
2014,Gough,A,62.2,48.7,74.8,78.30,52.84,84.95,8770.99
2014,Alex,A,62.8,48.0,73.2,76.35,52.46,83.54,8646.52
2014,Gough,A,62.1,49.0,75.6,78.90,53.03,85.39,8833.63
2014,Alex,A,62.0,49.2,75.9,79.27,53.11,85.66,8860.18
2014,Tristan,A,63.2,47.4,72.0,75.00,52.17,82.55,8550.65
2014,Nightingale,A,62.0,49.4,76.7,79.68,53.29,85.95,8920.32
2014,Nightingale,A,63.6,47.2,71.7,74.14,52.10,81.91,8526.36
2014,Gough,A,63.5,47.3,72.0,74.49,52.18,82.17,8553.57
2014,Alex,A,63.1,47.9,73.4,75.91,52.51,83.22,8661.97
2014,Alex,A,61.3,50.6,79.6,82.54,53.94,88.00,9140.94
2014,Alex,A,63.8,47.1,71.5,73.80,52.06,81.67,8515.62
2014,Gough,A,63.1,48.1,74.0,76.23,52.66,83.45,8710.23
2014,Nightingale,A,63.4,47.8,73.4,75.45,52.51,82.88,8660.67
2014,Nightingale,A,62.7,48.8,75.7,77.83,53.05,84.61,8842.08
2014,Tristan,A,62.1,49.7,77.8,80.03,53.53,86.20,9002.29
2014,Tristan,A,63.4,47.8,73.4,75.39,52.52,82.84,8665.23
2014,Gough,A,62.8,49.0,76.4,78.03,53.23,84.75,8899.89
2014,Tristan,A,62.3,49.8,78.3,79.94,53.66,86.13,9045.81
2014,Tristan,A,62.6,49.4,77.5,78.91,53.46,85.40,8977.77
2014,Nightingale,A,62.3,49.9,78.6,80.10,53.73,86.25,9070.04
2014,Tristan,A,64.1,47.3,72.7,73.79,52.34,81.66,8607.36
2014,Alex,A,63.1,48.9,76.4,77.56,53.22,84.41,8899.22
2014,Tristan,A,63.0,49.0,76.7,77.78,53.28,84.57,8918.77
2014,Gough,A,61.8,50.8,80.9,82.20,54.23,87.75,9239.05
2014,Nightingale,A,62.2,50.3,79.6,80.79,53.95,86.74,9145.17
2014,Gough,A,64.3,47.2,72.6,73.41,52.32,81.37,8600.95
2014,Nightingale,A,62.4,50.1,79.3,80.21,53.87,86.33,9116.16
2014,Tristan,A,63.6,48.4,75.5,76.10,53.01,83.35,8829.07
2014,Tristan,A,62.6,49.9,79.0,79.71,53.82,85.97,9099.14
2014,Gough,A,63.5,48.6,76.0,76.54,53.13,83.67,8868.44
2014,Gough,A,63.3,48.9,76.7,77.25,53.29,84.19,8922.72
2014,Nightingale,A,62.9,49.6,78.4,78.92,53.67,85.40,9050.29
2014,Nightingale,A,63.3,49.0,76.9,77.33,53.33,84.25,8934.89
2014,Gough,A,62.7,49.9,79.2,79.59,53.85,85.88,9108.82
2014,Nightingale,A,63.0,49.5,78.3,78.57,53.64,85.15,9040.32
2014,Gough,A,62.9,49.7,78.8,79.01,53.76,85.47,9079.43
2014,Tristan,A,65.3,46.3,71.0,70.90,51.92,79.51,8469.67
2014,Gough,A,61.1,52.6,85.7,86.09,55.29,90.50,9604.87
2014,Nightingale,A,64.6,47.4,73.6,73.37,52.55,81.35,8676.46
2014,Nightingale,A,63.7,48.9,77.2,76.77,53.41,83.84,8960.27
2014,Nightingale,A,63.5,49.2,77.9,77.48,53.57,84.36,9014.73
2014,Gough,A,63.1,49.9,79.7,79.08,53.96,85.52,9147.52
2014,Nightingale,A,64.0,48.7,77.0,76.09,53.34,83.35,8939.40
2014,Alex,A,64.5,48.0,75.3,74.42,52.97,82.12,8814.10
2014,Tristan,A,63.3,49.8,79.6,78.67,53.95,85.22,9142.36
2014,Gough,A,64.0,48.8,77.3,76.25,53.42,83.46,8963.89
2014,Gough,A,63.9,49.0,77.8,76.68,53.53,83.78,9003.51
2014,Gough,A,63.7,49.4,78.8,77.55,53.77,84.41,9082.64
2014,Gough,A,61.9,52.1,85.2,84.17,55.18,89.15,9565.93
2014,Tristan,A,64.8,47.8,75.1,73.77,52.90,81.64,8792.33
2014,Tristan,A,64.2,48.7,77.2,75.86,53.40,83.18,8958.02
2014,Tristan,A,63.5,49.8,79.8,78.43,54.00,85.04,9161.60
2014,Gough,A,64.0,49.2,78.5,76.88,53.71,83.92,9061.98
2014,Gough,A,63.5,50.0,80.5,78.74,54.15,85.27,9210.69
2014,Gough,A,62.9,50.9,82.6,80.92,54.62,86.84,9372.90
2014,Nightingale,A,65.0,47.8,75.3,73.54,52.96,81.47,8810.41
2014,Gough,A,64.7,48.4,76.8,74.81,53.32,82.41,8930.58
2014,Tristan,A,64.0,49.7,80.1,77.66,54.07,84.49,9184.98
2014,Gough,A,63.6,50.3,81.6,79.09,54.39,85.52,9294.20
2014,Tristan,A,66.8,45.6,70.4,68.26,51.79,77.53,8425.98
2014,Nightingale,A,65.4,47.7,75.4,72.94,52.99,81.03,8821.85
2014,Tristan,A,64.4,49.2,79.0,76.40,53.82,83.57,9099.70
2014,Nightingale,A,66.0,47.0,73.8,71.14,52.59,79.69,8690.14
2014,Tristan,A,64.5,49.2,79.2,76.28,53.85,83.48,9109.12
2014,Alex,A,64.9,48.7,78.0,75.10,53.58,82.62,9018.38
2014,Nightingale,A,64.8,48.8,78.2,75.31,53.64,82.77,9038.43
2014,Gough,A,64.3,49.6,80.2,77.14,54.08,84.11,9188.95
2014,Alex,A,64.0,50.3,82.1,78.59,54.51,85.16,9333.13
2014,Tristan,A,64.7,49.3,79.7,76.20,53.98,83.42,9152.69
2014,Gough,A,65.6,48.0,76.6,73.17,53.27,81.20,8914.03
2014,Alex,A,64.7,49.4,79.9,76.28,54.01,83.48,9165.07
2014,Nightingale,A,65.5,48.3,77.5,73.74,53.46,81.62,8979.25
2014,Nightingale,A,63.9,50.7,83.3,79.34,54.77,85.70,9422.39
2014,Nightingale,A,65.8,48.0,76.7,72.87,53.28,80.98,8919.73
2014,Gough,A,65.3,48.8,78.8,74.73,53.78,82.35,9084.86
2014,Nightingale,A,64.8,50.0,81.9,77.14,54.46,84.11,9318.74
2014,Tristan,A,67.7,45.8,72.0,67.65,52.17,77.06,8551.25
2014,Gough,A,65.8,48.7,79.1,74.01,53.84,81.82,9106.24
2014,Nightingale,A,65.3,49.6,81.4,75.96,54.36,83.25,9283.98
2014,Nightingale,A,65.5,49.4,80.9,75.34,54.23,82.80,9240.46
2014,Gough,A,65.0,50.3,83.4,77.38,54.79,84.29,9430.10
2014,Nightingale,A,65.2,50.1,83.0,76.84,54.70,83.89,9399.37
2014,Tristan,A,65.5,50.1,83.4,76.49,54.78,83.64,9428.18
2014,Gough,A,64.3,51.9,87.8,80.72,55.74,86.69,9761.43
2014,Nightingale,A,65.6,50.1,83.3,76.30,54.77,83.50,9425.21
2014,Tristan,A,66.4,48.9,80.5,73.64,54.15,81.55,9211.71
2014,Gough,A,65.0,51.0,85.7,78.46,55.29,85.07,9605.48
2014,Nightingale,A,66.3,49.3,81.5,74.34,54.37,82.06,9285.72
2014,Alex,A,65.6,50.3,84.1,76.68,54.96,83.77,9488.04
2014,Gough,A,65.3,50.8,85.4,77.79,55.23,84.59,9584.67
2014,Gough,A,66.2,49.6,82.6,74.92,54.61,82.49,9369.09
2014,Gough,A,65.4,50.9,85.9,77.83,55.34,84.61,9619.64
2014,Tristan,A,65.5,50.8,85.7,77.56,55.29,84.41,9604.23
2014,Nightingale,A,60.9,57.8,102.9,94.91,58.77,96.57,10849.08
2014,Gough,A,66.5,49.5,82.6,74.44,54.62,82.13,9372.12
2014,Nightingale,A,68.4,46.7,75.6,68.27,53.04,77.54,8836.42
2014,Nightingale,A,66.2,50.0,83.9,75.53,54.90,82.94,9469.97
2014,Nightingale,A,65.9,50.5,85.2,76.63,55.19,83.74,9567.43
2014,Nightingale,A,66.5,49.7,83.2,74.79,54.75,82.40,9417.92
2014,Nightingale,A,67.3,48.6,80.4,72.19,54.12,80.48,9201.61
2014,Alex,A,67.6,48.3,80.0,71.45,54.03,79.92,9170.17
2014,Tristan,A,66.8,49.6,83.3,74.25,54.77,82.00,9425.62
2014,Gough,A,66.4,50.2,84.8,75.60,55.11,82.99,9539.67
2014,Gough,A,66.9,49.9,84.5,74.59,55.02,82.25,9511.19
2014,Gough,A,66.3,51.0,87.4,76.92,55.66,83.95,9733.13
2014,Gough,A,66.4,50.9,87.2,76.66,55.62,83.76,9717.45
2014,Gough,A,66.5,51.0,87.7,76.69,55.72,83.78,9752.69
2014,Gough,A,65.7,52.3,91.1,79.60,56.43,85.89,10004.51
2014,Nightingale,A,66.0,52.3,91.5,79.24,56.52,85.63,10034.94
2014,Tristan,A,67.6,50.0,85.7,73.96,55.29,81.79,9603.02
2014,Gough,A,66.4,52.0,91.0,78.31,56.41,84.96,9998.46
2014,Gough,A,67.2,50.9,88.3,75.74,55.84,83.09,9795.35
2014,Gough,A,67.3,50.8,88.1,75.48,55.79,82.90,9779.38
2014,Tristan,A,68.0,49.8,85.5,73.24,55.25,81.25,9589.48
2014,Gough,A,66.8,51.7,90.5,77.40,56.31,84.30,9961.43
2014,Gough,A,67.0,51.6,90.4,77.01,56.29,84.02,9955.57
2014,Gough,A,68.6,49.3,84.5,71.87,55.04,80.23,9516.89
2014,Gough,A,67.3,52.1,92.6,77.41,56.74,84.31,10114.48
2014,Gough,A,67.4,52.0,92.4,77.15,56.70,84.12,10098.59
2014,Gough,A,69.9,48.7,84.1,69.67,54.93,78.59,9480.69
2014,Gough,A,68.5,51.2,91.0,74.74,56.42,82.36,9999.31
2014,Gough,A,65.9,55.5,102.9,84.22,58.77,89.18,10850.86
2014,Gough,A,69.3,50.9,91.0,73.45,56.41,81.41,9998.37
2014,Gough,A,70.3,50.6,91.3,71.98,56.46,80.32,10015.07
2014,Nightingale,A,70.9,51.6,95.7,72.78,57.37,80.91,10338.25
2014,Gough,A,69.9,53.3,100.7,76.25,58.34,83.46,10693.12
2014,Alex,B,57.3,43.3,54.5,75.57,47.54,82.96,7099.65
2014,Nightingale,B,61.0,47.5,69.7,77.93,51.62,84.69,8369.97
2014,Alex,B,65.0,41.6,57.0,64.05,48.26,74.30,7316.90
2014,Alex,B,61.2,47.8,70.9,78.10,51.90,84.81,8463.59
2014,Alex,B,65.6,47.5,75.0,72.46,52.88,80.68,8785.97
2014,Alex,B,63.8,50.2,81.5,78.75,54.36,85.27,9284.14
2014,Alex,B,64.2,49.7,80.3,77.47,54.11,84.35,9199.33
2014,Nightingale,B,65.0,48.8,78.5,75.08,53.69,82.60,9057.02
2014,Nightingale,B,64.7,50.2,82.7,77.59,54.63,84.44,9376.15
2014,Nightingale,B,65.6,49.2,80.5,75.00,54.15,82.55,9212.40
2014,Tristan,B,64.2,51.8,87.3,80.69,55.64,86.67,9726.27
2014,Alex,B,65.8,49.7,82.3,75.59,54.56,82.98,9351.66
2014,Nightingale,B,66.4,49.0,80.8,73.80,54.22,81.66,9236.84
2014,Nightingale,B,65.3,51.0,86.1,78.10,55.38,84.81,9635.01
2014,Alex,B,65.5,50.9,85.8,77.69,55.31,84.51,9611.94
2014,Nightingale,B,66.9,49.3,82.4,73.75,54.57,81.63,9354.34
2014,Nightingale,B,66.0,50.7,86.0,76.82,55.36,83.88,9627.71
2014,Alex,B,65.6,51.5,88.1,78.57,55.81,85.14,9786.06
2014,Tristan,B,65.6,51.5,88.2,78.51,55.83,85.10,9791.04
2014,Nightingale,B,65.1,52.6,91.3,80.80,56.47,86.75,10019.63
2014,Gough,B,66.3,50.9,87.1,76.77,55.59,83.84,9707.69
2014,Nightingale,B,65.7,51.8,89.4,78.84,56.07,85.34,9877.18
2014,Nightingale,B,64.9,53.2,93.1,82.04,56.83,87.63,10146.25
2014,Tristan,B,65.5,52.4,91.2,80.00,56.45,86.18,10009.66
2014,Alex,B,65.5,52.5,91.5,80.21,56.50,86.33,10030.03
2014,Nightingale,B,65.0,53.2,93.3,81.85,56.87,87.50,10161.89
2014,Alex,B,68.9,47.7,79.4,69.28,53.91,78.30,9129.43
2014,Gough,B,65.7,52.4,91.5,79.76,56.50,86.00,10030.02
2014,Alex,B,68.5,48.3,80.9,70.44,54.23,79.17,9238.61
2014,Nightingale,B,73.9,40.4,61.2,54.67,49.41,66.86,7669.28
2014,Nightingale,B,66.5,51.5,89.4,77.44,56.08,84.33,9880.39
2014,Gough,B,65.2,53.6,95.0,82.21,57.22,87.76,10284.93
2014,Tristan,B,67.8,49.8,85.3,73.45,55.19,81.41,9570.67
2014,Nightingale,B,66.9,51.3,89.2,76.74,56.03,83.82,9863.72
2014,Nightingale,B,67.4,50.7,87.7,75.15,55.71,82.66,9750.55
2014,Alex,B,65.9,52.9,93.5,80.27,56.92,86.37,10178.44
2014,Nightingale,B,68.6,49.3,84.3,71.85,54.99,80.22,9499.41
2014,Nightingale,B,65.8,53.6,95.7,81.38,57.36,87.17,10335.06
2014,Nightingale,B,65.3,54.4,98.0,83.31,57.81,88.54,10500.84
2014,Gough,B,67.3,51.5,90.5,76.52,56.30,83.66,9959.47
2014,Nightingale,B,66.5,52.7,93.6,79.25,56.95,85.64,10188.54
2014,Nightingale,B,66.8,52.5,93.3,78.59,56.89,85.16,10167.48
2014,Tristan,B,66.9,52.4,93.1,78.33,56.85,84.97,10151.78
2014,Tristan,B,66.9,52.4,93.1,78.33,56.85,84.97,10151.78
2014,Nightingale,B,65.9,53.9,97.1,81.79,57.64,87.46,10435.79
2014,Alex,B,66.6,53.0,94.8,79.58,57.19,85.88,10276.23
2014,Nightingale,B,67.3,52.4,93.6,77.92,56.94,84.68,10187.16
2014,Gough,B,67.0,52.8,94.7,78.81,57.16,85.32,10265.46
2014,Nightingale,B,67.2,52.7,94.6,78.42,57.15,85.04,10259.91
2014,Gough,B,66.9,53.2,96.0,79.52,57.42,85.83,10358.96
2014,Tristan,B,66.6,53.7,97.4,80.63,57.70,86.63,10457.59
2014,Gough,B,66.2,54.4,99.3,82.18,58.08,87.73,10597.10
2014,Gough,B,65.9,54.9,100.7,83.31,58.35,88.54,10694.73
2014,Tristan,B,69.2,50.0,87.7,72.25,55.72,80.52,9753.95
2014,Nightingale,B,67.4,52.9,95.6,78.49,57.35,85.09,10332.31
2014,Nightingale,B,67.8,52.5,94.7,77.43,57.17,84.32,10268.70
2014,Tristan,B,68.5,51.5,92.1,75.18,56.64,82.68,10077.51
2014,Nightingale,B,67.9,52.5,94.8,77.38,57.19,84.28,10273.75
2014,Tristan,B,67.6,53.2,97.0,78.70,57.62,85.24,10431.09
2014,Alex,B,67.7,53.1,96.8,78.43,57.58,85.05,10415.22
2014,Gough,B,68.0,52.7,95.7,77.50,57.37,84.37,10341.18
2014,Tristan,B,67.7,53.2,97.1,78.58,57.65,85.16,10441.38
2014,Nightingale,B,69.1,51.3,92.0,74.22,56.60,81.98,10065.86
2014,Gough,B,69.0,51.4,92.4,74.49,56.70,82.18,10100.28
2014,Nightingale,B,67.8,53.2,97.3,78.47,57.68,85.07,10451.66
2014,Gough,B,68.7,51.9,93.8,75.55,56.99,82.95,10201.82
2014,Nightingale,B,68.2,52.7,96.0,77.27,57.43,84.21,10361.44
2014,Tristan,B,69.1,51.4,92.6,74.38,56.73,82.10,10110.04
2014,Tristan,B,67.8,53.4,98.0,78.76,57.82,85.29,10504.08
2014,Gough,B,67.2,54.3,100.5,80.80,58.30,86.75,10677.33
2014,Nightingale,B,67.1,54.6,101.4,81.37,58.48,87.16,10745.38
2014,Gough,B,69.6,50.9,91.4,73.13,56.50,81.17,10027.20
2014,Tristan,B,68.0,53.4,98.3,78.53,57.88,85.12,10524.73
2014,Alex,B,70.3,50.0,89.1,71.12,56.01,79.68,9857.05
2014,Tristan,B,68.7,52.4,95.6,76.27,57.35,83.48,10333.07
2014,Alex,B,67.9,53.6,98.9,78.94,58.00,85.41,10566.94
2014,Nightingale,B,67.4,54.4,100.9,80.64,58.39,86.63,10711.64
2014,Gough,B,68.4,52.9,97.0,77.34,57.63,84.26,10434.26
2014,Tristan,B,67.6,54.1,100.3,80.03,58.27,86.20,10667.04
2014,Gough,B,68.3,53.2,98.0,77.89,57.82,84.66,10502.98
2014,Nightingale,B,67.7,54.3,100.9,80.19,58.39,86.32,10711.77
2014,Alex,B,68.8,52.6,96.3,76.38,57.49,83.56,10382.59
2014,Tristan,B,68.0,53.9,100.2,79.26,58.24,85.65,10656.33
2014,Nightingale,B,67.8,54.2,101.0,79.94,58.40,86.14,10714.42
2014,Nightingale,B,68.3,53.6,99.2,78.46,58.06,85.07,10590.04
2014,Tristan,B,68.3,53.5,99.1,78.33,58.04,84.97,10582.02
2014,Nightingale,B,67.9,54.1,100.8,79.68,58.36,85.94,10698.58
2014,Tristan,B,69.8,51.3,93.1,73.50,56.85,81.44,10151.81
2014,Nightingale,B,67.9,54.2,101.1,79.88,58.41,86.09,10719.69
2014,Nightingale,B,67.9,54.2,101.1,79.88,58.41,86.09,10719.69
2014,Nightingale,B,68.3,53.7,99.8,78.68,58.17,85.23,10629.61
2014,Nightingale,B,69.0,52.6,96.8,76.23,57.58,83.45,10415.90
2014,Gough,B,68.1,54.0,100.7,79.30,58.34,85.67,10693.17
2014,Gough,B,67.9,54.3,101.5,79.97,58.50,86.16,10751.35
2014,Nightingale,B,68.5,53.6,99.8,78.25,58.17,84.91,10629.10
2014,Tristan,B,68.4,53.8,100.4,78.65,58.28,85.21,10671.62
2014,Nightingale,B,68.7,53.4,99.3,77.73,58.08,84.54,10596.83
2014,Nightingale,B,70.6,50.7,91.8,71.79,56.57,80.18,10052.03
2014,Tristan,B,69.2,52.7,97.4,76.16,57.71,83.39,10462.48
2014,Alex,B,68.8,53.3,99.1,77.47,58.03,84.35,10580.64
2014,Nightingale,B,69.0,53.1,98.5,76.88,57.91,83.92,10534.88
2014,Gough,B,67.9,54.8,103.4,80.71,58.86,86.68,10883.55
2014,Tristan,B,68.4,54.1,101.5,79.09,58.50,85.53,10751.04
2014,Tristan,B,70.1,51.6,94.6,73.61,57.15,81.52,10260.33
2014,Alex,B,68.7,53.7,100.4,78.17,58.30,84.86,10676.28
2014,Nightingale,B,68.5,54.1,101.6,78.98,58.53,85.44,10761.51
2014,Tristan,B,69.4,52.8,98.1,76.08,57.84,83.34,10509.16
2014,Tristan,B,68.5,54.3,102.4,79.27,58.67,85.65,10814.59
2014,Nightingale,B,69.5,52.9,98.4,76.04,57.90,83.31,10532.54
2014,Gough,B,68.5,54.4,102.8,79.42,58.74,85.76,10841.15
2014,Alex,B,67.9,55.3,105.3,81.44,59.22,87.21,11016.15
2014,Nightingale,B,68.8,54.0,101.7,78.49,58.54,85.09,10766.32
2014,Nightingale,B,68.8,54.0,101.7,78.49,58.54,85.09,10766.32
2014,Nightingale,B,67.6,56.0,107.2,82.83,59.58,88.20,11150.65
2014,Gough,B,69.3,53.5,100.6,77.20,58.32,84.16,10685.06
2014,Tristan,B,67.9,55.6,106.4,81.89,59.43,87.53,11095.91
2014,Nightingale,B,70.0,52.5,97.8,75.00,57.78,82.55,10489.65
2014,Alex,B,69.6,53.2,99.8,76.49,58.17,83.64,10630.74
2014,Gough,B,69.2,53.8,101.5,77.75,58.51,84.55,10754.67
2014,Gough,B,69.6,53.3,100.2,76.58,58.26,83.70,10662.50
2014,Nightingale,B,68.7,54.7,104.2,79.62,59.02,85.91,10942.19
2014,Nightingale,B,68.3,55.4,106.1,81.04,59.37,86.92,11072.71
2014,Gough,B,68.9,54.5,103.8,79.10,58.93,85.53,10910.00
2014,Tristan,B,68.7,54.8,104.6,79.77,59.09,86.01,10968.87
2014,Alex,B,70.0,52.9,99.3,75.57,58.08,82.97,10596.35
2014,Alex,B,69.7,53.4,100.6,76.54,58.32,83.68,10686.06
2014,Gough,B,68.9,54.6,104.1,79.25,59.00,85.63,10936.70
2014,Nightingale,B,69.7,53.5,101.1,76.76,58.43,83.83,10726.14
2014,Tristan,B,69.5,53.8,102.0,77.41,58.59,84.31,10785.73
2014,Gough,B,69.1,54.4,103.7,78.73,58.91,85.26,10904.37
2014,Alex,B,68.7,55.0,105.4,80.06,59.23,86.22,11022.28
2014,Alex,B,69.7,53.6,101.5,76.90,58.50,83.94,10752.88
2014,Tristan,B,69.3,54.2,103.2,78.21,58.83,84.89,10871.87
2014,Gough,B,69.6,53.8,102.1,77.30,58.62,84.23,10796.07
2014,Gough,B,69.0,54.7,104.7,79.28,59.10,85.66,10974.02
2014,Gough,B,68.9,54.9,105.3,79.68,59.22,85.95,11016.89
2014,Gough,B,68.9,54.9,105.3,79.68,59.22,85.95,11016.89
2014,Gough,B,68.9,54.9,105.3,79.68,59.22,85.95,11016.89
2014,Nightingale,B,69.1,54.7,104.7,79.22,59.12,85.61,10979.32
2014,Gough,B,71.9,50.5,93.0,70.24,56.81,79.01,10139.68
2014,Gough,B,70.3,53.0,100.1,75.39,58.23,82.83,10653.39
2014,Tristan,B,71.4,51.4,95.6,71.99,57.35,80.32,10333.15
2014,Tristan,B,70.7,52.5,98.8,74.26,57.98,82.00,10559.46
2014,Alex,B,70.3,53.1,100.5,75.53,58.31,82.94,10680.20
2014,Nightingale,B,70.3,53.2,100.7,75.60,58.34,82.99,10693.61
2014,Tristan,B,71.4,51.6,96.4,72.27,57.50,80.53,10386.80
2014,Gough,B,70.0,53.7,102.3,76.71,58.66,83.80,10810.55
2014,Nightingale,B,70.0,53.7,102.3,76.71,58.66,83.80,10810.55
2014,Nightingale,B,69.9,53.9,102.8,77.04,58.74,84.04,10840.49
2014,Nightingale,B,70.4,53.3,101.2,75.64,58.44,83.02,10730.61
2014,Tristan,B,72.6,50.0,92.0,68.87,56.62,77.99,10070.88
2014,Gough,B,70.0,53.9,103.1,77.00,58.81,84.01,10864.26
2014,Nightingale,B,70.0,53.9,103.1,77.00,58.81,84.01,10864.26
2014,Tristan,B,69.2,55.1,106.5,79.62,59.45,85.91,11102.55
2014,Nightingale,B,70.6,53.1,100.9,75.21,58.39,82.70,10710.56
2014,Nightingale,B,70.0,54.0,103.5,77.14,58.88,84.11,10891.15
2014,Alex,B,69.8,54.4,104.5,77.87,59.08,84.64,10964.43
2014,Tristan,B,68.9,55.7,108.4,80.84,59.79,86.78,11231.46
2014,Tristan,B,71.1,52.5,99.4,73.84,58.08,81.69,10599.26
2014,Nightingale,B,68.9,55.9,109.2,81.13,59.94,86.99,11285.27
2014,Nightingale,B,69.5,55.1,106.9,79.34,59.52,85.70,11129.27
2014,Alex,B,68.7,56.3,110.4,81.95,60.16,87.57,11371.01
2014,Tristan,B,71.0,52.9,100.7,74.51,58.35,82.19,10697.02
2014,Tristan,B,69.6,55.0,106.7,79.02,59.49,85.47,11118.33
2014,Alex,B,70.3,54.0,103.9,76.81,58.96,83.87,10922.24
2014,Nightingale,B,70.8,53.4,102.2,75.35,58.63,82.81,10798.20
2014,Tristan,B,71.5,52.4,99.5,73.29,58.12,81.29,10611.96
2014,Tristan,B,71.4,52.7,100.5,73.81,58.31,81.67,10683.07
2014,Tristan,B,70.5,54.1,104.6,76.74,59.09,83.82,10969.97
2014,Tristan,B,69.4,55.8,109.6,80.40,60.01,86.47,11312.76
2014,Nightingale,B,70.9,53.7,103.5,75.67,58.87,83.04,10889.48
2014,Alex,B,71.7,52.5,100.2,73.22,58.25,81.24,10658.80
2014,Nightingale,B,70.0,55.1,107.6,78.64,59.64,85.20,11174.42
2014,Gough,B,70.8,53.9,104.3,76.13,59.03,83.38,10946.88
2014,Gough,B,70.2,54.8,106.9,78.06,59.52,84.78,11127.95
2014,Nightingale,B,69.8,55.5,108.8,79.44,59.87,85.78,11261.31
2014,Gough,B,69.3,56.2,111.0,81.10,60.27,86.96,11410.04
2014,Gough,B,72.0,52.3,99.8,72.64,58.18,80.81,10634.26
2014,Nightingale,B,71.3,53.4,103.1,74.89,58.80,82.47,10862.54
2014,Tristan,B,70.7,54.3,105.7,76.80,59.29,83.87,11044.92
2014,Gough,B,69.9,55.5,109.2,79.40,59.94,85.75,11285.62
2014,Tristan,B,71.1,53.8,104.3,75.67,59.04,83.04,10950.64
2014,Alex,B,68.8,57.6,115.6,83.78,61.10,88.87,11728.12
2014,Nightingale,B,70.0,55.9,110.8,79.91,60.24,86.12,11399.63
2014,Gough,B,71.9,53.0,102.4,73.71,58.67,81.60,10814.43
2014,Alex,B,71.6,53.5,103.9,74.72,58.96,82.34,10920.19
2014,Tristan,B,71.3,54.0,105.4,75.74,59.24,83.09,11025.57
2014,Nightingale,B,70.9,54.7,107.4,77.08,59.60,84.07,11160.94
2014,Gough,B,70.2,55.7,110.4,79.34,60.17,85.71,11372.30
2014,Gough,B,70.5,55.3,109.3,78.44,59.96,85.05,11295.60
2014,Nightingale,B,70.5,55.3,109.3,78.44,59.96,85.05,11295.60
2014,Gough,B,71.4,54.0,105.6,75.63,59.27,83.01,11035.88
2014,Nightingale,B,70.2,55.9,111.2,79.63,60.31,85.91,11426.78
2014,Tristan,B,71.7,53.7,104.8,74.90,59.13,82.47,10984.87
2014,Nightingale,B,70.9,55.0,108.7,77.57,59.86,84.43,11256.35
2014,Gough,B,71.6,54.0,105.9,75.42,59.32,82.86,11056.48
2014,Gough,B,70.6,55.5,110.3,78.61,60.14,85.18,11360.84
2014,Gough,B,71.5,54.2,106.5,75.80,59.44,83.14,11100.77
2014,Alex,B,70.7,55.6,110.7,78.70,60.22,85.24,11393.51
2014,Alex,B,72.0,53.6,104.9,74.44,59.14,82.14,10988.15
2014,Tristan,B,72.1,53.5,104.6,74.20,59.09,81.96,10970.97
2014,Tristan,B,70.1,56.5,113.5,80.60,60.71,86.61,11579.59
2014,Gough,B,72.0,53.7,105.3,74.58,59.21,82.24,11015.49
2014,Gough,B,71.1,55.1,109.4,77.50,59.99,84.37,11304.86
2014,Gough,B,69.7,57.2,115.6,82.07,61.10,87.65,11726.45
2014,Nightingale,B,72.2,53.6,105.0,74.17,59.16,81.94,10994.80
2014,Alex,B,71.9,54.0,106.3,75.10,59.41,82.62,11087.34
2014,Nightingale,B,73.0,52.6,102.4,72.05,58.67,80.37,10814.66
2014,Gough,B,71.5,54.9,109.3,76.78,59.95,83.85,11292.33
2014,Tristan,B,71.8,54.5,108.1,75.91,59.75,83.21,11214.02
2014,Tristan,B,71.1,55.6,111.4,78.20,60.35,84.88,11441.84
2014,Nightingale,B,72.9,53.0,103.8,72.75,58.93,80.89,10909.48
2014,Gough,B,71.4,55.3,110.7,77.45,60.22,84.34,11391.53
2014,Nightingale,B,70.4,56.8,115.2,80.68,61.01,86.67,11694.89
2014,Nightingale,B,71.6,55.1,110.1,77.01,60.11,84.02,11352.51
2014,Alex,B,72.1,54.4,108.0,75.38,59.72,82.83,11203.99
2014,Gough,B,72.0,54.5,108.4,75.69,59.80,83.06,11234.84
2014,Nightingale,B,74.4,51.2,98.8,68.86,57.98,77.98,10560.81
2014,Alex,B,72.6,54.0,107.3,74.38,59.60,82.09,11159.19
2014,Nightingale,B,72.4,54.4,108.6,75.19,59.82,82.69,11243.65
2014,Nightingale,B,71.5,55.8,112.7,77.97,60.57,84.71,11526.05
2014,Gough,B,72.4,54.5,109.0,75.28,59.91,82.75,11276.41
2014,Gough,B,70.5,57.5,118.2,81.56,61.54,87.29,11898.71
2014,Nightingale,B,71.9,55.6,112.6,77.38,60.56,84.29,11522.17
2014,Nightingale,B,74.2,52.2,102.3,70.28,58.65,79.05,10808.32
2014,Gough,B,72.2,55.2,111.5,76.45,60.37,83.61,11448.80
2014,Tristan,B,72.7,54.5,109.5,74.97,59.99,82.52,11307.54
2014,Nightingale,B,70.3,58.2,120.4,82.78,61.93,88.16,12049.82
2014,Tristan,B,71.9,55.7,113.1,77.47,60.65,84.35,11555.16
2014,Gough,B,71.7,56.0,114.0,78.10,60.81,84.81,11616.63
2014,Gough,B,71.0,57.2,117.8,80.56,61.47,86.58,11871.81
2014,Nightingale,B,71.2,57.0,117.1,79.99,61.35,86.17,11824.83
2014,Gough,B,70.5,58.1,120.7,82.41,61.97,87.90,12064.54
2014,Nightingale,B,73.8,53.3,106.1,72.15,59.37,80.45,11073.38
2014,Alex,B,73.2,54.3,109.4,74.18,59.98,81.95,11303.78
2014,Gough,B,72.0,56.2,115.3,78.06,61.04,84.78,11704.51
2014,Alex,B,72.5,55.6,113.4,76.62,60.71,83.73,11577.66
2014,Gough,B,72.9,55.0,111.8,75.45,60.42,82.87,11467.05
2014,Alex,B,73.2,54.6,110.6,74.59,60.20,82.25,11387.13
2014,Gough,B,71.4,57.4,119.3,80.39,61.73,86.46,11971.94
2014,Nightingale,B,72.7,55.5,113.5,76.34,60.73,83.53,11585.02
2014,Nightingale,B,72.6,55.7,114.0,76.65,60.81,83.76,11616.12
2014,Gough,B,72.4,56.1,115.5,77.49,61.08,84.36,11719.96
2014,Tristan,B,72.4,56.1,115.5,77.49,61.08,84.36,11719.96
2014,Gough,B,71.6,57.3,119.2,80.03,61.72,86.20,11966.43
2014,Gough,B,71.9,57.0,118.4,79.28,61.59,85.66,11916.14
2014,Nightingale,B,75.6,51.7,102.4,68.39,58.68,77.62,10818.12
2014,Nightingale,B,73.9,54.4,110.6,73.60,60.20,81.51,11384.56
2014,Gough,B,71.8,57.6,120.8,80.22,61.99,86.34,12072.47
2014,Gough,B,72.8,56.4,117.4,77.47,61.41,84.35,11847.03
2014,Gough,B,71.4,58.7,124.7,82.21,62.66,87.76,12334.82
2014,Gough,B,73.3,55.9,116.1,76.26,61.18,83.47,11760.75
2014,Gough,B,71.6,58.5,124.2,81.70,62.58,87.40,12301.74
2014,Gough,B,73.9,55.2,114.2,74.70,60.84,82.32,11627.82
2014,Tristan,B,73.2,56.3,117.6,76.91,61.45,83.95,11862.29
2014,Gough,B,72.3,57.8,122.5,79.94,62.28,86.14,12184.63
2014,Tristan,B,73.9,55.5,115.4,75.10,61.06,82.62,11712.15
2014,Nightingale,B,73.5,56.1,117.3,76.33,61.39,83.52,11838.37
2014,Gough,B,73.4,56.5,118.8,76.98,61.65,83.99,11940.21
2014,Gough,B,72.9,57.5,122.2,78.88,62.23,85.37,12167.24
2014,Gough,B,74.7,55.0,114.6,73.63,60.91,81.54,11655.04
2014,Gough,B,73.0,57.6,122.8,78.90,62.33,85.39,12206.61
2014,Gough,B,73.7,56.6,119.7,76.80,61.81,83.86,12000.98
2014,Tristan,B,74.4,55.7,117.0,74.87,61.34,82.45,11821.49
2014,Gough,B,73.6,56.9,120.8,77.31,62.00,84.23,12074.93
2014,Tristan,B,75.1,54.7,113.9,72.84,60.80,80.95,11611.62
2014,Gough,B,73.9,56.6,120.0,76.59,61.86,83.71,12022.68
2014,Gough,B,73.2,57.9,124.4,79.10,62.61,85.53,12313.89
2014,Gough,B,74.3,56.6,120.7,76.18,61.97,83.41,12066.03
2014,Gough,B,74.4,56.5,120.4,75.94,61.93,83.24,12048.41
2014,Gough,B,74.3,56.7,121.1,76.31,62.05,83.51,12094.46
2014,Gough,B,74.0,57.2,122.8,77.30,62.33,84.23,12203.91
2014,Gough,B,74.9,55.9,118.7,74.63,61.63,82.28,11931.27
2014,Tristan,B,75.7,54.9,115.7,72.52,61.11,80.72,11730.33
2014,Gough,B,75.4,55.4,117.3,73.47,61.39,81.43,11841.60
2014,Tristan,B,74.5,56.8,121.9,76.24,62.18,83.46,12144.65
2014,Gough,B,74.9,56.3,120.4,75.17,61.92,82.67,12045.24
2014,Gough,B,74.4,57.1,123.0,76.75,62.37,83.83,12219.31
2014,Gough,B,74.7,56.9,122.6,76.17,62.30,83.41,12194.95
2014,Gough,B,73.7,59.3,131.4,80.46,63.76,86.51,12770.30
2014,Alex,B,76.5,55.6,119.9,72.68,61.84,80.84,12014.08
2014,Tristan,B,76.0,56.4,122.6,74.21,62.30,81.97,12191.70
2014,Nightingale,B,76.5,55.8,120.8,72.94,61.99,81.03,12071.74
2014,Gough,B,75.5,57.4,126.1,76.03,62.89,83.30,12425.97
2014,Gough,B,76.3,57.8,129.2,75.75,63.41,83.10,12630.00
2014,Nightingale,B,77.9,56.3,125.1,72.32,62.72,80.57,12359.48
2014,Alex,B,86.5,58.3,148.8,67.34,66.46,76.83,13874.64
2014,Tristan,U,66.6,49.8,83.7,74.77,54.87,82.38,9457.40
2014,Tristan,B,69.6,52.2,96.2,75.00,57.45,82.55,10370.11
2014,Tristan,B,71.5,54.7,108.5,76.50,59.81,83.65,11237.52
2014,Tristan,B,72.3,55.7,113.7,77.04,60.76,84.04,11597.98
2014,Tristan,B,75.0,53.6,109.2,71.47,59.95,79.93,11291.30
2014,Tristan,B,73.6,57.1,121.7,77.58,62.14,84.43,12131.56